job_title,name,specialization,experience,contact
vice president of engineering,Dr. Liam Brown,Cybersecurity,25 years,rahul@example.com
online peer support facilitator,Dr. Lucas Gupta,Cybersecurity,25 years,esha@example.com
ai ethics consultant,Dr. Emma Kumar,AI & ML,12 years,sophie@example.com
remote digital product insights analyst,Dr. Lucas Patel,Business Consulting,14 years,rahul@example.com
asteroid mining planner,Dr. Liam Gupta,Business Consulting,7 years,rahul@example.com
remote customer retention specialist,Dr. Lucas Kumar,Data Science,20 years,sophie@example.com
regenerative agriculture specialist,Dr. Diya Brown,Data Science,4 years,aarav@example.com
video editor,Dr. Lucas Wong,Marketing Strategy,12 years,sophie@example.com
online digital brand training lead,Dr. Noah Singh,Cloud Computing,7 years,sophie@example.com
green chemistry researcher,Dr. Aarav Wong,Business Consulting,11 years,sophie@example.com
pet grief counselor,Dr. Arjun Singh,Cloud Computing,5 years,sophie@example.com
junior software developer,Dr. Aarav Gupta,Product Management,20 years,esha@example.com
mail carrier,Dr. Sophie Patel,Business Consulting,14 years,rahul@example.com
mushroom cultivation specialist,Dr. Rahul Wong,Business Consulting,8 years,emma@example.com
network administrator
,Dr. Liam Smith,Cloud Computing,14 years,rahul@example.com
virtual reality social worker,Dr. Esha Smith,Cloud Computing,24 years,aarav@example.com
copy machine operator,Dr. Arjun Johnson,UI/UX Design,17 years,liam@example.com
environmental scientist,Dr. Lucas Brown,Cybersecurity,22 years,esha@example.com
boat rental attendant,Dr. Emma Smith,Business Consulting,3 years,esha@example.com
survey taker,Dr. Rahul Sharma,UI/UX Design,17 years,esha@example.com
online product documentation lead,Dr. Noah Wong,Business Consulting,7 years,rahul@example.com
veterinarian,Dr. Diya Brown,Human Resources,21 years,sophie@example.com
nurse,Dr. Sophie Kumar,Cloud Computing,16 years,sophie@example.com
receptionist,Dr. Esha Brown,Business Consulting,14 years,sophie@example.com
digital product manager,Dr. Sophie Patel,Software Engineering,11 years,liam@example.com
virtual reality museum curator,Dr. Rahul Kumar,Marketing Strategy,22 years,emma@example.com
fashion designer,Dr. Emma Brown,Product Management,13 years,esha@example.com
business operations analyst,Dr. Arjun Lee,Finance & Analytics,11 years,liam@example.com
usher,Dr. Diya Gupta,Web Development,9 years,sophie@example.com
mushroom forager,Dr. Arjun Brown,Marketing Strategy,20 years,emma@example.com
online digital brand documentation lead,Dr. Noah Johnson,Software Engineering,3 years,sophie@example.com
market research analyst,Dr. Arjun Smith,Cybersecurity,8 years,sophie@example.com
artificial intelligence trainer,Dr. Lucas Smith,Marketing Strategy,23 years,aarav@example.com
research assistant,Dr. Sophie Gupta,AI & ML,18 years,aarav@example.com
hypersonic flight engineer,Dr. Rahul Lee,Cybersecurity,12 years,sophie@example.com
plumber,Dr. Arjun Patel,Cloud Computing,3 years,emma@example.com
ux designer,Dr. Diya Kumar,Human Resources,17 years,esha@example.com
remote digital fundraising strategist,Dr. Rahul Kumar,Marketing Strategy,18 years,liam@example.com
financial analyst,Dr. Arjun Wong,Human Resources,13 years,esha@example.com
ecological restoration coordinator,Dr. Arjun Sharma,Finance & Analytics,13 years,sophie@example.com
space debris tracker,Dr. Arjun Wong,Web Development,21 years,liam@example.com
remote learning platform tester,Dr. Arjun Smith,Marketing Strategy,12 years,sophie@example.com
digital product user testing coordinator,Dr. Noah Sharma,AI & ML,5 years,sophie@example.com
climate change analyst,Dr. Noah Lee,Marketing Strategy,17 years,aarav@example.com
travel agent,Dr. Esha Wong,Data Science,11 years,rahul@example.com
blockchain developer,Dr. Diya Kumar,Cloud Computing,6 years,liam@example.com
usher,Dr. Diya Singh,Product Management,8 years,sophie@example.com
space weather forecaster,Dr. Noah Gupta,Marketing Strategy,5 years,aarav@example.com
artisanal bread baker,Dr. Lucas Brown,Software Engineering,14 years,liam@example.com
respiratory therapist,Dr. Esha Kumar,Marketing Strategy,3 years,emma@example.com
chief data officer,Dr. Emma Singh,UI/UX Design,3 years,esha@example.com
gemologist,Dr. Diya Johnson,AI & ML,9 years,sophie@example.com
air traffic controller,Dr. Liam Singh,Finance & Analytics,25 years,sophie@example.com
remote digital brand content editor,Dr. Sophie Singh,Business Consulting,12 years,sophie@example.com
robotics engineer,Dr. Sophie Patel,Data Science,13 years,emma@example.com
insurance agent,Dr. Diya Gupta,Product Management,20 years,sophie@example.com
train conductor,Dr. Lucas Wong,Cybersecurity,23 years,esha@example.com
optician,Dr. Aarav Wong,Finance & Analytics,6 years,aarav@example.com
historian,Dr. Rahul Smith,Data Science,25 years,esha@example.com
potter,Dr. Aarav Johnson,Cybersecurity,12 years,emma@example.com
digital asset appraiser,Dr. Noah Sharma,Cybersecurity,14 years,rahul@example.com
investment banking director,Dr. Diya Sharma,Product Management,16 years,esha@example.com
aidriven content strategist,Dr. Emma Smith,Cloud Computing,25 years,aarav@example.com
security guard,Dr. Sophie Patel,AI & ML,7 years,esha@example.com
electric vehicle technician,Dr. Liam Brown,Cloud Computing,6 years,sophie@example.com
digital literacy instructor,Dr. Esha Gupta,Business Consulting,6 years,sophie@example.com
psychologist,Dr. Noah Smith,UI/UX Design,5 years,emma@example.com
meteorologist,Dr. Noah Johnson,Cybersecurity,5 years,esha@example.com
copy machine operator,Dr. Sophie Gupta,Finance & Analytics,6 years,emma@example.com
ski lift operator,Dr. Arjun Brown,Cybersecurity,23 years,emma@example.com
personal cybersecurity coach,Dr. Esha Wong,Finance & Analytics,12 years,emma@example.com
artisanal fermented foods producer,Dr. Diya Lee,Cybersecurity,23 years,liam@example.com
ethical ai auditor,Dr. Diya Johnson,Cybersecurity,4 years,rahul@example.com
occupational therapist,Dr. Lucas Lee,Marketing Strategy,19 years,rahul@example.com
mathematician,Dr. Liam Lee,Data Science,10 years,rahul@example.com
sustainable tourism guide,Dr. Emma Gupta,Cybersecurity,15 years,liam@example.com
shipping clerk,Dr. Aarav Brown,Cloud Computing,6 years,liam@example.com
online peer support facilitator,Dr. Rahul Kumar,Human Resources,21 years,aarav@example.com
technical support engineer,Dr. Arjun Brown,Web Development,19 years,aarav@example.com
remote employee wellness survey designer,Dr. Rahul Singh,Product Management,10 years,esha@example.com
solar panel installer,Dr. Diya Wong,UI/UX Design,6 years,esha@example.com
comic book artist,Dr. Aarav Brown,Data Science,3 years,rahul@example.com
urban sketching instructor,Dr. Aarav Wong,Web Development,24 years,liam@example.com
regional sales manager,Dr. Sophie Wong,Cybersecurity,6 years,rahul@example.com
chief marketing officer,Dr. Noah Johnson,Web Development,6 years,liam@example.com
high school teacher,Dr. Emma Wong,Cybersecurity,9 years,liam@example.com
bereavement photographer,Dr. Esha Singh,Product Management,7 years,rahul@example.com
benefits administrator,Dr. Arjun Lee,AI & ML,15 years,aarav@example.com
network engineer,Dr. Aarav Patel,Cybersecurity,18 years,aarav@example.com
remote digital pr specialist,Dr. Lucas Sharma,Web Development,20 years,aarav@example.com
remote employee engagement analyst,Dr. Liam Gupta,Software Engineering,25 years,liam@example.com
remote learning technology integrator,Dr. Rahul Sharma,Web Development,3 years,rahul@example.com
remote product analytics lead,Dr. Esha Wong,Web Development,11 years,aarav@example.com
hypersonic flight engineer,Dr. Diya Patel,Marketing Strategy,13 years,sophie@example.com
cognitive behavioral therapist,Dr. Sophie Lee,Data Science,8 years,esha@example.com
aidriven content strategist,Dr. Noah Patel,Software Engineering,9 years,aarav@example.com
biodiversity conservation coordinator,Dr. Arjun Brown,Cloud Computing,10 years,aarav@example.com
disaster recovery pet rescuer,Dr. Arjun Smith,Web Development,17 years,esha@example.com
renewable energy technician,Dr. Liam Smith,Software Engineering,24 years,liam@example.com
notary public,Dr. Sophie Sharma,Web Development,23 years,esha@example.com
online product feature prioritization analyst,Dr. Aarav Sharma,Marketing Strategy,25 years,sophie@example.com
content marketing manager,Dr. Esha Singh,Cybersecurity,13 years,liam@example.com
digital nomad consultant,Dr. Aarav Kumar,Business Consulting,25 years,sophie@example.com
amusement park attendant,Dr. Lucas Wong,Marketing Strategy,15 years,aarav@example.com
customer service representative,Dr. Arjun Wong,Product Management,16 years,rahul@example.com
autonomous systems engineer,Dr. Aarav Sharma,Product Management,18 years,emma@example.com
remote digital transformation lead,Dr. Diya Gupta,Software Engineering,15 years,aarav@example.com
business operations analyst,Dr. Liam Brown,Cybersecurity,7 years,sophie@example.com
gemologist,Dr. Esha Brown,Marketing Strategy,23 years,liam@example.com
chief operating officer,Dr. Lucas Lee,Cybersecurity,8 years,liam@example.com
digital customer advocacy manager,Dr. Arjun Johnson,Product Management,20 years,liam@example.com
online product beta tester,Dr. Aarav Singh,Software Engineering,25 years,aarav@example.com
online digital brand documentation lead,Dr. Esha Wong,UI/UX Design,7 years,rahul@example.com
ai research scientist,Dr. Esha Lee,Software Engineering,18 years,rahul@example.com
newspaper delivery,Dr. Sophie Lee,Cloud Computing,8 years,esha@example.com
aerospace engineer,Dr. Emma Sharma,Data Science,9 years,aarav@example.com
systems administrator,Dr. Rahul Patel,Data Science,20 years,emma@example.com
medical illustrator,Dr. Sophie Gupta,AI & ML,21 years,liam@example.com
sign holder,Dr. Emma Patel,Human Resources,10 years,esha@example.com
leaflet distributor,Dr. Diya Singh,Web Development,14 years,esha@example.com
head of product,Dr. Arjun Patel,Cybersecurity,3 years,aarav@example.com
digital estate planner,Dr. Sophie Singh,Cybersecurity,4 years,sophie@example.com
supply chain analyst,Dr. Noah Lee,Software Engineering,16 years,sophie@example.com
online product security tester,Dr. Diya Brown,Cybersecurity,13 years,esha@example.com
fashion designer,Dr. Sophie Johnson,Product Management,23 years,aarav@example.com
product owner,Dr. Esha Smith,Product Management,4 years,sophie@example.com
interventional radiologist,Dr. Esha Sharma,Human Resources,25 years,liam@example.com
quality assurance tester,Dr. Noah Wong,UI/UX Design,9 years,aarav@example.com
microbiome analyst,Dr. Esha Johnson,Business Consulting,18 years,esha@example.com
forensic psychologist,Dr. Sophie Wong,Software Engineering,25 years,rahul@example.com
programmable matter engineer,Dr. Aarav Johnson,Finance & Analytics,18 years,sophie@example.com
network administrator,Dr. Liam Sharma,Finance & Analytics,8 years,liam@example.com
technical writer,Dr. Arjun Wong,UI/UX Design,7 years,aarav@example.com
farm worker,Dr. Rahul Johnson,Finance & Analytics,14 years,esha@example.com
virtual events technical director,Dr. Lucas Brown,Business Consulting,23 years,esha@example.com
online product usability tester,Dr. Liam Sharma,Cybersecurity,20 years,rahul@example.com
pet groomer,Dr. Aarav Gupta,Business Consulting,23 years,aarav@example.com
remote learning platform support analyst,Dr. Noah Lee,Marketing Strategy,17 years,aarav@example.com
online digital brand retention lead,Dr. Esha Sharma,Marketing Strategy,21 years,rahul@example.com
user interface designer,Dr. Sophie Singh,Product Management,23 years,esha@example.com
interior designer,Dr. Emma Patel,Marketing Strategy,4 years,emma@example.com
virtual reality developer,Dr. Rahul Johnson,Cloud Computing,11 years,sophie@example.com
online digital brand insights analyst,Dr. Esha Wong,AI & ML,15 years,sophie@example.com
product owner,Dr. Aarav Wong,Marketing Strategy,11 years,sophie@example.com
remote employee benefits data analyst,Dr. Rahul Wong,Product Management,14 years,aarav@example.com
digital nomad insurance advisor,Dr. Aarav Singh,Cybersecurity,15 years,emma@example.com
remote data privacy officer,Dr. Arjun Smith,Business Consulting,25 years,liam@example.com
aquaponics farmer,Dr. Arjun Smith,Data Science,16 years,esha@example.com
genealogist,Dr. Esha Johnson,Web Development,11 years,emma@example.com
ecosystem services valuer,Dr. Aarav Smith,Web Development,25 years,rahul@example.com
digital twin analyst,Dr. Diya Lee,Software Engineering,4 years,sophie@example.com
digital customer loyalty analyst,Dr. Aarav Smith,AI & ML,6 years,emma@example.com
receptionist,Dr. Rahul Brown,Software Engineering,21 years,esha@example.com
product owner,Dr. Arjun Kumar,Web Development,22 years,liam@example.com
head of product,Dr. Lucas Sharma,Software Engineering,6 years,liam@example.com
sign language interpreter,Dr. Esha Gupta,Web Development,18 years,liam@example.com
gemologist,Dr. Sophie Brown,Software Engineering,15 years,sophie@example.com
online digital brand content lead,Dr. Lucas Brown,Business Consulting,8 years,rahul@example.com
neuroengineering researcher,Dr. Diya Singh,UI/UX Design,13 years,esha@example.com
remote employee training coordinator,Dr. Rahul Wong,Human Resources,20 years,aarav@example.com
application support analyst,Dr. Esha Smith,Data Science,8 years,sophie@example.com
remote employee onboarding content creator,Dr. Liam Patel,Web Development,22 years,sophie@example.com
online digital brand experience lead,Dr. Liam Singh,Business Consulting,18 years,rahul@example.com
delivery driver,Dr. Lucas Smith,Software Engineering,10 years,liam@example.com
solutions engineer,Dr. Aarav Johnson,Web Development,7 years,rahul@example.com
digital brand compliance officer,Dr. Arjun Wong,UI/UX Design,16 years,aarav@example.com
commercial fisherman,Dr. Diya Wong,Business Consulting,7 years,sophie@example.com
purchasing agent,Dr. Noah Lee,UI/UX Design,8 years,liam@example.com
digital privacy educator,Dr. Lucas Kumar,Cybersecurity,9 years,esha@example.com
drone delivery operator,Dr. Lucas Wong,Finance & Analytics,25 years,aarav@example.com
online digital brand support analyst,Dr. Noah Patel,Cybersecurity,23 years,emma@example.com
digital content moderator,Dr. Sophie Sharma,Software Engineering,23 years,esha@example.com
sociologist,Dr. Esha Lee,Software Engineering,24 years,liam@example.com
crop duster pilot,Dr. Liam Singh,Business Consulting,20 years,sophie@example.com
courier,Dr. Emma Brown,Cybersecurity,21 years,esha@example.com
climate policy analyst,Dr. Lucas Kumar,Marketing Strategy,11 years,liam@example.com
copywriter,Dr. Lucas Kumar,UI/UX Design,16 years,sophie@example.com
remote digital product content lead,Dr. Lucas Johnson,Cloud Computing,9 years,liam@example.com
disaster recovery pet rescuer,Dr. Arjun Lee,UI/UX Design,12 years,emma@example.com
renewable energy analyst,Dr. Noah Sharma,Human Resources,11 years,liam@example.com
heritage breed livestock conservationist,Dr. Arjun Johnson,Product Management,25 years,aarav@example.com
asteroid mining planner,Dr. Lucas Patel,Web Development,3 years,esha@example.com
ai product manager,Dr. Rahul Johnson,Web Development,5 years,emma@example.com
digital wellness researcher,Dr. Aarav Smith,Cybersecurity,6 years,rahul@example.com
online community manager,Dr. Lucas Kumar,Cloud Computing,17 years,rahul@example.com
elementary school teacher,Dr. Liam Patel,Business Consulting,25 years,rahul@example.com
sign holder,Dr. Aarav Singh,Web Development,6 years,liam@example.com
chief human resources officer,Dr. Noah Smith,Cybersecurity,10 years,rahul@example.com
usher,Dr. Diya Lee,AI & ML,22 years,liam@example.com
online reputation manager,Dr. Aarav Patel,Product Management,24 years,liam@example.com
shipping clerk,Dr. Lucas Wong,Web Development,14 years,liam@example.com
training manager,Dr. Lucas Sharma,Marketing Strategy,19 years,emma@example.com
remote digital advertising buyer,Dr. Arjun Kumar,AI & ML,13 years,emma@example.com
systems administrator,Dr. Noah Smith,Data Science,16 years,esha@example.com
quantum cryptography specialist,Dr. Emma Johnson,UI/UX Design,17 years,rahul@example.com
vintage clothing curator,Dr. Diya Patel,Marketing Strategy,14 years,aarav@example.com
security guard,Dr. Noah Sharma,UI/UX Design,7 years,liam@example.com
neural dust researcher,Dr. Aarav Patel,Product Management,24 years,sophie@example.com
customer success manager,Dr. Arjun Gupta,Cloud Computing,3 years,emma@example.com
online digital brand licensing coordinator,Dr. Lucas Wong,Cloud Computing,7 years,aarav@example.com
cellular agriculture scientist,Dr. Aarav Johnson,Human Resources,4 years,rahul@example.com
drone pilot,Dr. Emma Brown,Human Resources,14 years,emma@example.com
online product customization specialist,Dr. Liam Lee,Marketing Strategy,11 years,emma@example.com
customer success manager,Dr. Emma Kumar,Business Consulting,18 years,sophie@example.com
data entry clerk,Dr. Lucas Patel,Cloud Computing,9 years,esha@example.com
pool maintenance technician,Dr. Liam Kumar,Human Resources,23 years,aarav@example.com
vertical farm manager,Dr. Noah Lee,Finance & Analytics,8 years,sophie@example.com
remote event moderator,Dr. Emma Kumar,Business Consulting,24 years,esha@example.com
risk management analyst,Dr. Lucas Singh,Web Development,18 years,sophie@example.com
public relations specialist,Dr. Rahul Lee,UI/UX Design,17 years,liam@example.com
remote employee engagement program lead,Dr. Aarav Lee,UI/UX Design,15 years,aarav@example.com
gravity wave detector operator,Dr. Emma Smith,UI/UX Design,13 years,aarav@example.com
oil rig worker,Dr. Aarav Brown,AI & ML,12 years,aarav@example.com
aquaponics farmer,Dr. Aarav Gupta,AI & ML,13 years,rahul@example.com
online digital brand insights lead,Dr. Esha Lee,Human Resources,23 years,emma@example.com
cognitive behavioral therapist,Dr. Lucas Lee,Business Consulting,17 years,liam@example.com
bereavement photographer,Dr. Diya Lee,Marketing Strategy,25 years,emma@example.com
virtual reality sports trainer,Dr. Diya Patel,AI & ML,24 years,liam@example.com
general manager,Dr. Rahul Wong,Cloud Computing,6 years,liam@example.com
quality control inspector,Dr. Lucas Smith,UI/UX Design,12 years,emma@example.com
hotel manager,Dr. Sophie Kumar,Business Consulting,3 years,rahul@example.com
voice recognition trainer,Dr. Esha Wong,AI & ML,10 years,liam@example.com
remote digital product experience analyst,Dr. Rahul Kumar,Cloud Computing,15 years,sophie@example.com
funeral director,Dr. Sophie Lee,Cybersecurity,18 years,aarav@example.com
cellular agriculture scientist,Dr. Aarav Singh,Business Consulting,5 years,liam@example.com
oil rig worker,Dr. Rahul Wong,Cloud Computing,22 years,sophie@example.com
smart home installer,Dr. Liam Sharma,AI & ML,13 years,aarav@example.com
online product feature prioritization analyst,Dr. Arjun Wong,Marketing Strategy,17 years,esha@example.com
digital product translation coordinator,Dr. Diya Sharma,Cybersecurity,4 years,sophie@example.com
massage therapist,Dr. Rahul Johnson,Data Science,9 years,esha@example.com
employee relations specialist,Dr. Noah Kumar,Cloud Computing,23 years,liam@example.com
remote digital marketing analyst,Dr. Emma Wong,Product Management,21 years,sophie@example.com
radiologic technologist,Dr. Arjun Johnson,Product Management,20 years,rahul@example.com
digital brand strategist,Dr. Sophie Sharma,UI/UX Design,20 years,liam@example.com
tailor,Dr. Esha Sharma,Product Management,24 years,esha@example.com
virtual reality social worker,Dr. Esha Sharma,Cybersecurity,10 years,aarav@example.com
miner,Dr. Arjun Lee,Finance & Analytics,12 years,liam@example.com
golf course maintenance,Dr. Lucas Johnson,Data Science,7 years,esha@example.com
marketing automation specialist,Dr. Emma Kumar,UI/UX Design,8 years,emma@example.com
ai specialist,Dr. Lucas Patel,AI & ML,6 years,emma@example.com
optician,Dr. Diya Sharma,UI/UX Design,10 years,liam@example.com
botanical illustrator,Dr. Sophie Johnson,Web Development,5 years,esha@example.com
remote employee engagement analyst,Dr. Aarav Kumar,Data Science,5 years,rahul@example.com
soap maker,Dr. Rahul Smith,Web Development,24 years,sophie@example.com
online fundraising specialist,Dr. Emma Sharma,Web Development,12 years,esha@example.com
online community policy writer,Dr. Arjun Patel,Marketing Strategy,7 years,sophie@example.com
artisanal bread baker,Dr. Arjun Kumar,UI/UX Design,8 years,liam@example.com
virtual event producer,Dr. Lucas Wong,Cloud Computing,3 years,liam@example.com
remote digital transformation lead,Dr. Esha Wong,UI/UX Design,6 years,liam@example.com
remote digital product release analyst,Dr. Sophie Patel,Cloud Computing,23 years,liam@example.com
online community engagement data analyst,Dr. Rahul Wong,Web Development,18 years,emma@example.com
cruise director,Dr. Noah Brown,Marketing Strategy,19 years,aarav@example.com
biomechanical engineer,Dr. Noah Lee,Web Development,12 years,emma@example.com
veterinary technician,Dr. Sophie Johnson,Finance & Analytics,5 years,sophie@example.com
digital customer support training lead,Dr. Noah Gupta,Marketing Strategy,18 years,esha@example.com
digital minimalism coach,Dr. Noah Wong,Human Resources,13 years,rahul@example.com
genealogist,Dr. Lucas Brown,Data Science,7 years,liam@example.com
heritage fruit tree cultivator,Dr. Arjun Wong,Data Science,15 years,aarav@example.com
quality control inspector,Dr. Noah Wong,Finance & Analytics,12 years,esha@example.com
benefits administrator,Dr. Rahul Lee,Software Engineering,5 years,emma@example.com
digital art curator,Dr. Esha Wong,UI/UX Design,3 years,sophie@example.com
bailiff,Dr. Noah Smith,Data Science,22 years,rahul@example.com
dishwasher,Dr. Sophie Patel,Data Science,16 years,esha@example.com
cloud solutions architect,Dr. Aarav Wong,Finance & Analytics,9 years,liam@example.com
optician,Dr. Emma Sharma,Software Engineering,15 years,rahul@example.com
data analyst,Dr. Sophie Johnson,Cybersecurity,16 years,liam@example.com
tool and die maker,Dr. Esha Patel,Web Development,5 years,rahul@example.com
digital product user persona developer,Dr. Lucas Kumar,Business Consulting,21 years,esha@example.com
online digital brand experience analyst,Dr. Aarav Kumar,Finance & Analytics,23 years,sophie@example.com
remote learning platform administrator,Dr. Sophie Patel,Software Engineering,5 years,sophie@example.com
remote data privacy officer,Dr. Arjun Patel,Finance & Analytics,22 years,sophie@example.com
digital event sponsorship manager,Dr. Diya Patel,AI & ML,22 years,rahul@example.com
logger,Dr. Arjun Johnson,Product Management,20 years,sophie@example.com
artisanal fermented foods producer,Dr. Lucas Lee,Business Consulting,10 years,emma@example.com
digital customer support quality auditor,Dr. Noah Kumar,Marketing Strategy,11 years,sophie@example.com
travel agent,Dr. Esha Gupta,AI & ML,4 years,liam@example.com
online course quality reviewer,Dr. Lucas Smith,Data Science,17 years,emma@example.com
catering manager,Dr. Diya Sharma,UI/UX Design,17 years,sophie@example.com
remote product launch coordinator,Dr. Sophie Johnson,Cloud Computing,24 years,esha@example.com
online digital product security analyst,Dr. Rahul Lee,Human Resources,11 years,liam@example.com
storm chaser,Dr. Liam Patel,Finance & Analytics,16 years,aarav@example.com
digital product tester,Dr. Arjun Kumar,Business Consulting,5 years,esha@example.com
remote digital product content lead,Dr. Aarav Smith,Marketing Strategy,11 years,emma@example.com
senior research scientist,Dr. Noah Wong,Software Engineering,14 years,esha@example.com
product manager,Dr. Rahul Sharma,Software Engineering,17 years,aarav@example.com
online digital brand release lead,Dr. Esha Kumar,Human Resources,11 years,sophie@example.com
personal cybersecurity coach,Dr. Noah Johnson,Cybersecurity,18 years,sophie@example.com
event coordinator,Dr. Sophie Gupta,Cloud Computing,13 years,rahul@example.com
fermentation specialist,Dr. Emma Smith,Cloud Computing,4 years,esha@example.com
online sustainability course instructor,Dr. Esha Brown,Cybersecurity,10 years,rahul@example.com
bailiff,Dr. Rahul Lee,Software Engineering,20 years,esha@example.com
online learning designer,Dr. Rahul Lee,Software Engineering,11 years,emma@example.com
dishwasherbusser,Dr. Noah Sharma,Software Engineering,8 years,liam@example.com
private investigator,Dr. Noah Singh,UI/UX Design,7 years,esha@example.com
crop duster pilot,Dr. Liam Gupta,Product Management,21 years,emma@example.com
remote learning experience designer,Dr. Sophie Singh,Cloud Computing,3 years,aarav@example.com
online digital brand growth lead,Dr. Arjun Patel,AI & ML,6 years,emma@example.com
online digital brand loyalty analyst,Dr. Esha Kumar,Finance & Analytics,11 years,aarav@example.com
remote technical interview content developer,Dr. Sophie Lee,UI/UX Design,15 years,aarav@example.com
customer service representative,Dr. Diya Patel,Data Science,16 years,rahul@example.com
screenwriter,Dr. Sophie Brown,Cybersecurity,4 years,liam@example.com
aidriven content strategist,Dr. Aarav Brown,Marketing Strategy,23 years,liam@example.com
online customer loyalty program manager,Dr. Emma Gupta,Human Resources,14 years,aarav@example.com
chief technology officer,Dr. Emma Gupta,Finance & Analytics,23 years,rahul@example.com
parking meter attendant,Dr. Noah Smith,Human Resources,18 years,liam@example.com
heritage breed livestock conservationist,Dr. Diya Kumar,Data Science,16 years,emma@example.com
senior management consultant,Dr. Noah Patel,Human Resources,23 years,esha@example.com
medical assistant,Dr. Rahul Kumar,UI/UX Design,9 years,esha@example.com
product owner,Dr. Rahul Gupta,Finance & Analytics,19 years,liam@example.com
specialty coffee roaster,Dr. Arjun Johnson,Data Science,24 years,emma@example.com
parking meter attendant,Dr. Liam Lee,Software Engineering,5 years,esha@example.com
music therapist,Dr. Liam Sharma,UI/UX Design,24 years,rahul@example.com
remote employee recognition program manager,Dr. Aarav Brown,Product Management,15 years,sophie@example.com
online community growth hacker,Dr. Sophie Lee,Business Consulting,25 years,esha@example.com
virtual reality meditation guide,Dr. Diya Patel,UI/UX Design,21 years,aarav@example.com
digital customer support chatbot trainer,Dr. Liam Singh,Marketing Strategy,8 years,liam@example.com
content writer,Dr. Sophie Sharma,Marketing Strategy,18 years,aarav@example.com
vertical farm manager,Dr. Emma Smith,AI & ML,19 years,esha@example.com
remote digital accessibility advocate,Dr. Arjun Gupta,Cybersecurity,15 years,esha@example.com
online digital brand analytics lead,Dr. Noah Brown,UI/UX Design,22 years,esha@example.com
pest control technician,Dr. Emma Singh,Web Development,3 years,liam@example.com
financial planner,Dr. Liam Patel,AI & ML,14 years,rahul@example.com
grocery store clerk,Dr. Rahul Johnson,Marketing Strategy,20 years,esha@example.com
genealogy researcher,Dr. Aarav Lee,Human Resources,15 years,emma@example.com
survey taker,Dr. Aarav Gupta,Product Management,19 years,aarav@example.com
online marketplace manager,Dr. Liam Johnson,Product Management,12 years,rahul@example.com
childcare worker,Dr. Rahul Patel,AI & ML,24 years,liam@example.com
elementary school teacher,Dr. Noah Wong,Cloud Computing,24 years,sophie@example.com
online workshop facilitator,Dr. Lucas Sharma,Cybersecurity,23 years,rahul@example.com
remote learning technology integrator,Dr. Sophie Gupta,UI/UX Design,19 years,esha@example.com
internal auditor,Dr. Noah Singh,Cybersecurity,18 years,liam@example.com
digital content rights analyst,Dr. Arjun Sharma,Human Resources,20 years,esha@example.com
data analyst,Dr. Diya Smith,Finance & Analytics,14 years,aarav@example.com
external auditor,Dr. Noah Gupta,AI & ML,14 years,liam@example.com
online reputation manager,Dr. Emma Patel,Data Science,9 years,sophie@example.com
high school teacher,Dr. Diya Johnson,Human Resources,10 years,liam@example.com
online digital brand retention lead,Dr. Sophie Wong,AI & ML,3 years,liam@example.com
remote technical skills assessor,Dr. Aarav Wong,AI & ML,10 years,emma@example.com
architect,Dr. Aarav Wong,Human Resources,18 years,esha@example.com
remote digital product engagement lead,Dr. Sophie Kumar,UI/UX Design,7 years,esha@example.com
environmental compliance specialist,Dr. Arjun Kumar,UI/UX Design,14 years,esha@example.com
employee relations specialist,Dr. Diya Smith,Cybersecurity,18 years,esha@example.com
physical therapist,Dr. Lucas Lee,UI/UX Design,12 years,liam@example.com
online product documentation lead,Dr. Arjun Smith,Cybersecurity,24 years,emma@example.com
sociologist,Dr. Noah Wong,Software Engineering,25 years,liam@example.com
digital nomad insurance advisor,Dr. Lucas Lee,Data Science,22 years,rahul@example.com
vice president of sales,Dr. Arjun Gupta,Product Management,17 years,rahul@example.com
butcher,Dr. Arjun Kumar,Product Management,21 years,sophie@example.com
pet grief counselor,Dr. Esha Lee,Web Development,20 years,aarav@example.com
fashion designer,Dr. Emma Kumar,Software Engineering,6 years,rahul@example.com
online brand reputation analyst,Dr. Arjun Wong,Cybersecurity,23 years,rahul@example.com
ai product manager,Dr. Noah Brown,Product Management,12 years,aarav@example.com
procurement specialist,Dr. Esha Patel,Data Science,9 years,aarav@example.com
neuropsychologist,Dr. Sophie Singh,Web Development,8 years,liam@example.com
wedding planner,Dr. Esha Singh,Software Engineering,7 years,sophie@example.com
restaurant manager,Dr. Arjun Gupta,Marketing Strategy,13 years,rahul@example.com
junior graphic designer,Dr. Diya Gupta,Finance & Analytics,15 years,sophie@example.com
organ procurement coordinator,Dr. Liam Kumar,UI/UX Design,6 years,aarav@example.com
smart city planner,Dr. Noah Sharma,Marketing Strategy,24 years,rahul@example.com
remote technical account manager,Dr. Rahul Patel,Data Science,9 years,liam@example.com
upholsterer,Dr. Aarav Sharma,Finance & Analytics,19 years,emma@example.com
voice recognition trainer,Dr. Noah Smith,Web Development,5 years,esha@example.com
lighthouse keeper,Dr. Diya Smith,Marketing Strategy,4 years,liam@example.com
it support specialist,Dr. Lucas Patel,Cloud Computing,16 years,sophie@example.com
cybersecurity architect,Dr. Emma Kumar,Product Management,10 years,emma@example.com
music therapist,Dr. Sophie Smith,Cybersecurity,22 years,emma@example.com
remote employee recognition program manager,Dr. Lucas Gupta,Cloud Computing,22 years,sophie@example.com
veterinarian,Dr. Arjun Johnson,Finance & Analytics,21 years,emma@example.com
compensation analyst,Dr. Noah Wong,Product Management,3 years,sophie@example.com
bus driver,Dr. Aarav Wong,Software Engineering,19 years,liam@example.com
quality assurance engineer,Dr. Arjun Sharma,Business Consulting,25 years,liam@example.com
remote customer feedback analyst,Dr. Arjun Johnson,Marketing Strategy,24 years,aarav@example.com
indigenous plant specialist,Dr. Rahul Sharma,Marketing Strategy,24 years,sophie@example.com
traditional building craft specialist,Dr. Emma Smith,Business Consulting,20 years,emma@example.com
environmental scientist,Dr. Lucas Smith,Cloud Computing,9 years,rahul@example.com
window cleaner,Dr. Aarav Singh,Cloud Computing,19 years,emma@example.com
vertical farm manager,Dr. Lucas Sharma,Software Engineering,10 years,liam@example.com
catering manager,Dr. Diya Sharma,Data Science,22 years,aarav@example.com
online community engagement specialist,Dr. Arjun Johnson,Cloud Computing,3 years,rahul@example.com
indigenous plant specialist,Dr. Emma Johnson,Finance & Analytics,24 years,sophie@example.com
precision agriculture specialist,Dr. Noah Lee,Data Science,22 years,emma@example.com
electrician,Dr. Arjun Patel,Business Consulting,10 years,esha@example.com
environmental consultant,Dr. Noah Gupta,Cloud Computing,18 years,emma@example.com
online product roadmap coordinator,Dr. Noah Wong,AI & ML,9 years,emma@example.com
art director,Dr. Diya Johnson,UI/UX Design,7 years,emma@example.com
remote onboarding specialist,Dr. Noah Lee,Finance & Analytics,19 years,emma@example.com
golf course maintenance,Dr. Liam Singh,Cloud Computing,20 years,sophie@example.com
environmental scientist,Dr. Noah Gupta,Business Consulting,6 years,rahul@example.com
virtual reality developer,Dr. Aarav Kumar,Business Consulting,24 years,sophie@example.com
principal solutions architect,Dr. Diya Smith,Data Science,18 years,aarav@example.com
home energy auditor,Dr. Lucas Sharma,Marketing Strategy,19 years,esha@example.com
aerospace engineer,Dr. Aarav Gupta,Software Engineering,13 years,esha@example.com
chief technology officer,Dr. Noah Gupta,Product Management,4 years,liam@example.com
online therapy platform manager,Dr. Noah Johnson,Marketing Strategy,19 years,esha@example.com
bioinformatics specialist,Dr. Rahul Smith,Product Management,7 years,rahul@example.com
office assistant,Dr. Rahul Gupta,Business Consulting,3 years,liam@example.com
internal auditor,Dr. Rahul Smith,Web Development,11 years,aarav@example.com
remote employee benefits specialist,Dr. Sophie Gupta,UI/UX Design,18 years,aarav@example.com
receptionist,Dr. Diya Brown,Business Consulting,6 years,esha@example.com
microbiome analyst,Dr. Aarav Johnson,Cloud Computing,13 years,liam@example.com
wind turbine technician,Dr. Arjun Smith,Business Consulting,6 years,aarav@example.com
nlp engineer,Dr. Aarav Smith,Cloud Computing,13 years,emma@example.com
crime prevention specialist,Dr. Noah Kumar,UI/UX Design,18 years,rahul@example.com
remote digital marketing content planner,Dr. Esha Wong,Finance & Analytics,4 years,liam@example.com
investment banking analyst,Dr. Diya Gupta,UI/UX Design,20 years,rahul@example.com
operations manager,Dr. Rahul Brown,Web Development,22 years,esha@example.com
digital nomad visa consultant,Dr. Diya Wong,Web Development,13 years,emma@example.com
kombucha brewer,Dr. Arjun Gupta,Business Consulting,12 years,liam@example.com
aquarium maintenance specialist,Dr. Diya Gupta,AI & ML,11 years,emma@example.com
online digital brand release analyst,Dr. Esha Brown,AI & ML,9 years,emma@example.com
online digital brand support lead,Dr. Noah Singh,Cloud Computing,3 years,aarav@example.com
digital asset recovery specialist,Dr. Lucas Singh,Data Science,19 years,liam@example.com
online digital brand training lead,Dr. Arjun Singh,Product Management,7 years,aarav@example.com
pet groomer,Dr. Diya Patel,Business Consulting,20 years,esha@example.com
chief human resources officer,Dr. Noah Smith,Business Consulting,9 years,liam@example.com
remote digital product loyalty analyst,Dr. Diya Wong,Marketing Strategy,25 years,sophie@example.com
museum curator,Dr. Sophie Sharma,Software Engineering,18 years,aarav@example.com
online community engagement data analyst,Dr. Esha Sharma,Human Resources,5 years,liam@example.com
cryptocurrency mining coordinator,Dr. Liam Johnson,Marketing Strategy,25 years,liam@example.com
blacksmith,Dr. Liam Gupta,Web Development,24 years,liam@example.com
risk management analyst,Dr. Rahul Kumar,Human Resources,12 years,liam@example.com
biomedical engineer,Dr. Esha Smith,AI & ML,22 years,esha@example.com
meditation teacher,Dr. Rahul Singh,Product Management,17 years,liam@example.com
remote digital product launch analyst,Dr. Arjun Singh,Marketing Strategy,16 years,rahul@example.com
court reporter,Dr. Lucas Johnson,Data Science,24 years,rahul@example.com
product marketing manager,Dr. Lucas Sharma,UI/UX Design,19 years,sophie@example.com
coral reef restoration specialist,Dr. Aarav Sharma,Cybersecurity,4 years,esha@example.com
online learning designer,Dr. Arjun Sharma,Software Engineering,14 years,esha@example.com
online digital brand training analyst,Dr. Sophie Gupta,Human Resources,21 years,liam@example.com
ice road trucker,Dr. Lucas Kumar,AI & ML,23 years,emma@example.com
marine archaeologist,Dr. Liam Kumar,Data Science,11 years,liam@example.com
online digital product qa lead,Dr. Diya Gupta,Finance & Analytics,22 years,aarav@example.com
green roof designer,Dr. Aarav Kumar,UI/UX Design,7 years,liam@example.com
budget analyst,Dr. Lucas Smith,Web Development,11 years,sophie@example.com
forklift operator,Dr. Rahul Sharma,Human Resources,3 years,sophie@example.com
train conductor,Dr. Rahul Lee,Cybersecurity,23 years,sophie@example.com
mathematician,Dr. Esha Kumar,Product Management,24 years,esha@example.com
digital content creator,Dr. Arjun Smith,Human Resources,20 years,rahul@example.com
online digital product qa lead,Dr. Rahul Sharma,Web Development,10 years,rahul@example.com
veterinarian,Dr. Noah Sharma,Product Management,9 years,emma@example.com
remote technical skills assessor,Dr. Esha Smith,Finance & Analytics,15 years,emma@example.com
online digital brand release lead,Dr. Esha Smith,UI/UX Design,7 years,liam@example.com
virtual reality meditation guide,Dr. Aarav Johnson,Marketing Strategy,10 years,liam@example.com
vice president of engineering,Dr. Noah Lee,Product Management,21 years,sophie@example.com
pet groomer,Dr. Sophie Kumar,AI & ML,12 years,emma@example.com
house cleaner,Dr. Noah Sharma,Human Resources,11 years,sophie@example.com
product owner,Dr. Rahul Gupta,AI & ML,17 years,liam@example.com
senior software architect,Dr. Noah Kumar,AI & ML,21 years,rahul@example.com
principal consultant,Dr. Emma Gupta,Cybersecurity,8 years,sophie@example.com
psychologist,Dr. Diya Kumar,Cybersecurity,9 years,rahul@example.com
online business coach,Dr. Emma Gupta,UI/UX Design,20 years,rahul@example.com
climate adaptation planner,Dr. Lucas Lee,Human Resources,12 years,emma@example.com
remote podcast editor,Dr. Noah Smith,UI/UX Design,19 years,liam@example.com
environmental consultant,Dr. Lucas Kumar,AI & ML,19 years,emma@example.com
virtual interior designer,Dr. Sophie Brown,Product Management,4 years,rahul@example.com
archivist,Dr. Noah Johnson,AI & ML,20 years,rahul@example.com
digital product designer,Dr. Liam Singh,Marketing Strategy,11 years,esha@example.com
autonomous vehicle tester,Dr. Diya Patel,Product Management,8 years,esha@example.com
terraforming specialist,Dr. Aarav Lee,AI & ML,22 years,esha@example.com
operations coordinator,Dr. Diya Brown,Data Science,20 years,aarav@example.com
investment banking director,Dr. Arjun Brown,Web Development,19 years,aarav@example.com
virtual assistant services manager,Dr. Aarav Kumar,Cloud Computing,19 years,liam@example.com
bioprinting technician,Dr. Noah Patel,UI/UX Design,25 years,liam@example.com
digital customer experience program manager,Dr. Diya Wong,Cybersecurity,4 years,esha@example.com
biocomputer programmer,Dr. Liam Lee,Marketing Strategy,21 years,aarav@example.com
urban beekeeper,Dr. Diya Smith,Cloud Computing,5 years,emma@example.com
hotel manager,Dr. Lucas Kumar,Business Consulting,19 years,emma@example.com
public relations specialist,Dr. Noah Brown,Cybersecurity,16 years,esha@example.com
remote learning content curator,Dr. Rahul Patel,AI & ML,16 years,emma@example.com
digital event sponsorship manager,Dr. Aarav Smith,Cybersecurity,13 years,emma@example.com
camp counselor,Dr. Esha Patel,Product Management,23 years,sophie@example.com
dishwasherbusser,Dr. Sophie Sharma,Business Consulting,7 years,aarav@example.com
cryptographer,Dr. Liam Patel,Marketing Strategy,3 years,esha@example.com
mindful eating coach,Dr. Arjun Kumar,Marketing Strategy,22 years,aarav@example.com
kitchen prep cook,Dr. Sophie Patel,AI & ML,5 years,esha@example.com
climate change communication specialist,Dr. Rahul Singh,Finance & Analytics,9 years,sophie@example.com
user interface designer,Dr. Noah Johnson,Data Science,11 years,emma@example.com
remote learning platform tester,Dr. Aarav Lee,Product Management,13 years,sophie@example.com
project manager,Dr. Aarav Brown,Product Management,24 years,emma@example.com
online product documentation lead,Dr. Aarav Smith,Marketing Strategy,22 years,liam@example.com
digital product tester,Dr. Noah Smith,AI & ML,21 years,rahul@example.com
chief marketing officer,Dr. Emma Lee,Data Science,7 years,liam@example.com
remote digital content planner,Dr. Esha Brown,Web Development,14 years,aarav@example.com
butcher,Dr. Emma Wong,Finance & Analytics,13 years,sophie@example.com
copywriter,Dr. Aarav Lee,Business Consulting,19 years,esha@example.com
aidriven content strategist,Dr. Lucas Lee,Business Consulting,21 years,rahul@example.com
remote technical interview content developer,Dr. Liam Kumar,Data Science,4 years,liam@example.com
mushroom forager,Dr. Esha Singh,Cybersecurity,20 years,esha@example.com
court reporter,Dr. Rahul Patel,AI & ML,25 years,emma@example.com
online reputation manager,Dr. Rahul Patel,Business Consulting,20 years,esha@example.com
voice user interface designer,Dr. Esha Singh,Human Resources,4 years,esha@example.com
mobile app developer,Dr. Noah Kumar,Human Resources,13 years,liam@example.com
user interface designer,Dr. Esha Johnson,AI & ML,16 years,sophie@example.com
ai data labeling supervisor,Dr. Emma Lee,AI & ML,4 years,liam@example.com
online volunteer coordinator,Dr. Aarav Wong,Data Science,11 years,sophie@example.com
traditional craft instructor,Dr. Aarav Gupta,Product Management,18 years,esha@example.com
teacher,Dr. Lucas Brown,Data Science,19 years,liam@example.com
digital wellness researcher,Dr. Esha Brown,UI/UX Design,21 years,emma@example.com
supply chain analyst,Dr. Diya Sharma,Data Science,18 years,sophie@example.com
court reporter,Dr. Aarav Kumar,Cybersecurity,19 years,rahul@example.com

Senior Software Engineer,Ananya Rao,Full-Stack Development,9 years,ananya.rao@techmentor.com
AI Research Scientist,Vikram Iyer,Machine Learning & Deep Learning,11 years,vikram.iyer@aiminds.org
Product Manager,Neha Kapoor,Product Strategy & Agile Management,10 years,neha.kapoor@pmguide.com
Data Architect,Rohan Desai,Big Data & Cloud Integration,12 years,rohan.desai@datamentor.ai
Blockchain Developer,Shreya Menon,Smart Contracts & Web3,6 years,shreya.menon@blockmentor.io
Robotics Engineer,Aryan Verma,Automation & Embedded Systems,7 years,aryan.verma@robolearn.com
Cybersecurity Specialist,Isha Patel,Network Security & Threat Analysis,8 years,isha.patel@cybersecure.io
Bioinformatics Analyst,Karan Mehta,Computational Biology,9 years,karan.mehta@genetech.org
Sustainability Consultant,Priya Nair,Green Tech & Corporate Sustainability,10 years,priya.nair@ecomentor.org
DevOps Engineer,Arjun Bhat,CI/CD & Cloud Infrastructure,7 years,arjun.bhat@devmentor.io


Software Engineer,Aarav Mehta,Web Development,6 years,aarav.mehta@mentors.com
Software Developer,Isha Reddy,Frontend Development,5 years,isha.reddy@mentors.com
Senior Software Engineer,Rajesh Kumar,Backend Systems,10 years,rajesh.kumar@mentors.com
Full Stack Developer,Neha Patel,React & Node.js,8 years,neha.patel@mentors.com
Software Architect,Vikram Iyer,Microservices Architecture,12 years,vikram.iyer@mentors.com
Machine Learning Engineer,Ananya Rao,Machine Learning & AI,7 years,ananya.rao@mentors.com
Data Scientist,Arjun Sharma,Data Analysis & Visualization,9 years,arjun.sharma@mentors.com
Data Analyst,Priya Nair,Data Analytics & Excel,5 years,priya.nair@mentors.com
Senior Data Engineer,Rohan Desai,Big Data Pipelines,11 years,rohan.desai@mentors.com
AI Research Scientist,Meera Krishnan,Deep Learning,10 years,meera.krishnan@mentors.com
Business Analyst,Devika Menon,Business Intelligence,6 years,devika.menon@mentors.com
Project Manager,Suresh Bhat,Agile & Scrum,10 years,suresh.bhat@mentors.com
Product Manager,Neha Kapoor,Product Strategy,9 years,neha.kapoor@mentors.com
Technical Program Manager,Arvind Singh,IT Program Coordination,11 years,arvind.singh@mentors.com
IT Manager,Pooja Ramesh,Infrastructure Management,12 years,pooja.ramesh@mentors.com
Senior Manager,Ritesh Jain,Operations & Leadership,15 years,ritesh.jain@mentors.com
Operations Manager,Divya Iyer,Process Optimization,10 years,divya.iyer@mentors.com
Engineering Manager,Karthik Raj,Team Management,13 years,karthik.raj@mentors.com
DevOps Engineer,Ankit Verma,Automation & Cloud CI/CD,7 years,ankit.verma@mentors.com
Site Reliability Engineer,Manoj Nair,System Performance,9 years,manoj.nair@mentors.com
Cloud Architect,Sneha Rao,AWS & Azure Infrastructure,11 years,sneha.rao@mentors.com
Network Engineer,Harish Menon,Network Design,8 years,harish.menon@mentors.com
Database Administrator,Swathi Pillai,SQL & MongoDB,10 years,swathi.pillai@mentors.com
Cybersecurity Specialist,Isha Patel,Threat Analysis & Defense,8 years,isha.patel@mentors.com
Information Security Analyst,Amit Tiwari,Vulnerability Assessment,7 years,amit.tiwari@mentors.com
UI/UX Designer,Riya Sen,User Experience Design,6 years,riya.sen@mentors.com
Product Designer,Kavya Nair,Prototyping & Research,8 years,kavya.nair@mentors.com
Graphic Designer,Sahil Joshi,Brand Identity,6 years,sahil.joshi@mentors.com
Content Strategist,Nikita Shah,Content Marketing,7 years,nikita.shah@mentors.com
Marketing Manager,Aditya Rao,Digital Marketing,10 years,aditya.rao@mentors.com
Social Media Manager,Komal Gupta,Campaign Strategy,6 years,komal.gupta@mentors.com
Finance Analyst,Vinay Das,Financial Planning,7 years,vinay.das@mentors.com
Accountant,Preeti Nair,Corporate Accounting,8 years,preeti.nair@mentors.com
Financial Advisor,Rohit Sharma,Investment Strategy,9 years,rohit.sharma@mentors.com
HR Manager,Simran Kaur,Employee Engagement,10 years,simran.kaur@mentors.com
Recruitment Specialist,Sanjay Malhotra,Talent Acquisition,7 years,sanjay.malhotra@mentors.com
Legal Advisor,Anjali Mehta,Corporate Law,12 years,anjali.mehta@mentors.com
Business Consultant,Deepak Reddy,Process Improvement,10 years,deepak.reddy@mentors.com
Strategy Analyst,Arvind Nair,Market Analysis,8 years,arvind.nair@mentors.com
Entrepreneur,Aisha Khan,Startup Management,9 years,aisha.khan@mentors.com
Innovation Manager,Rajeev Pillai,Product Innovation,11 years,rajeev.pillai@mentors.com
Blockchain Developer,Shreya Menon,Smart Contracts,6 years,shreya.menon@mentors.com
Web3 Engineer,Sandeep Rao,Decentralized Apps,7 years,sandeep.rao@mentors.com
AI Product Lead,Harini Iyer,AI Integration,10 years,harini.iyer@mentors.com
Cloud Consultant,Dev Patel,Multi-Cloud Strategy,9 years,dev.patel@mentors.com
Solutions Architect,Rahul Sinha,Enterprise Systems,11 years,rahul.sinha@mentors.com
Mobile App Developer,Keerthi Nair,Android & iOS Apps,7 years,keerthi.nair@mentors.com
Game Developer,Vivek Sharma,3D Game Design,8 years,vivek.sharma@mentors.com
AR/VR Developer,Tanya Bansal,Immersive Tech,6 years,tanya.bansal@mentors.com
Embedded Systems Engineer,Nikhil Raj,IoT Devices,9 years,nikhil.raj@mentors.com
Robotics Engineer,Aryan Verma,Automation Systems,8 years,aryan.verma@mentors.com
AI Ethics Researcher,Dr. Sneha Joshi,Responsible AI,12 years,sneha.joshi@mentors.com
Research Scientist,Abhinav Rao,Data Science Research,10 years,abhinav.rao@mentors.com
Academic Professor,Dr. Rekha Iyer,Computer Science Education,14 years,rekha.iyer@mentors.com
Data Engineer,Ajay Sharma,ETL Pipelines,7 years,ajay.sharma@mentors.com
Statistician,Lavanya Rajan,Quantitative Analysis,9 years,lavanya.rajan@mentors.com
Systems Analyst,Mohit Patel,Process Optimization,8 years,mohit.patel@mentors.com
IT Support Specialist,Kiran Reddy,Technical Assistance,5 years,kiran.reddy@mentors.com
Quality Assurance Engineer,Ritika Deshmukh,Software Testing,7 years,ritika.deshmukh@mentors.com
Automation Tester,Suresh Iyer,Selenium & API Testing,8 years,suresh.iyer@mentors.com
Technical Writer,Anusha Menon,Documentation,6 years,anusha.menon@mentors.com
Instructional Designer,Charu Verma,E-Learning,8 years,charu.verma@mentors.com
Education Consultant,Dr. Arjun Babu,Learning Strategy,11 years,arjun.babu@mentors.com
AI Engineer,Sameer Gupta,Neural Networks,9 years,sameer.gupta@mentors.com
Deep Learning Engineer,Kavita Nair,CNNs & NLP,8 years,kavita.nair@mentors.com
Natural Language Processing Expert,Arun Das,Chatbot Design,7 years,arun.das@mentors.com
Vision Engineer,Manisha Iyer,Computer Vision,8 years,manisha.iyer@mentors.com
Quantitative Analyst,Vivek Menon,Financial Data Modeling,9 years,vivek.menon@mentors.com
Economist,Dr. Sangeeta Rao,Market Research,13 years,sangeeta.rao@mentors.com
Policy Analyst,Aditi Nair,Public Policy,10 years,aditi.nair@mentors.com
Urban Planner,Krishnan Pillai,Smart City Development,11 years,krishnan.pillai@mentors.com
Civil Engineer,Aravind Reddy,Structural Engineering,9 years,aravind.reddy@mentors.com
Mechanical Engineer,Shruti Menon,Design & Simulation,8 years,shruti.menon@mentors.com
Electrical Engineer,Vikas Sharma,Power Systems,10 years,vikas.sharma@mentors.com
Chemical Engineer,Nisha Raj,Industrial Chemistry,9 years,nisha.raj@mentors.com
Biomedical Engineer,Sonal Nair,Medical Devices,8 years,sonal.nair@mentors.com
Pharmaceutical Scientist,Dr. Mehul Shah,Drug Development,12 years,mehul.shah@mentors.com
Clinical Data Manager,Divya Suresh,Healthcare Data,9 years,divya.suresh@mentors.com
Healthcare Analyst,Anil Kumar,Health Informatics,10 years,anil.kumar@mentors.com
Nutritionist,Dr. Kavya Iyer,Diet & Wellness,11 years,kavya.iyer@mentors.com
Environmental Scientist,Priya Das,Climate Research,10 years,priya.das@mentors.com
Sustainability Consultant,Rohit Nair,Green Initiatives,9 years,rohit.nair@mentors.com
Energy Analyst,Adarsh Reddy,Renewable Energy,8 years,adarsh.reddy@mentors.com
Supply Chain Manager,Deepti Sharma,Logistics Management,10 years,deepti.sharma@mentors.com
Operations Analyst,Rajeev Iyer,Workflow Efficiency,9 years,rajeev.iyer@mentors.com
Customer Success Manager,Shweta Mehta,Client Relations,8 years,shweta.mehta@mentors.com
Account Manager,Harish Babu,Key Account Handling,9 years,harish.babu@mentors.com
Sales Manager,Siddharth Patel,Business Development,10 years,siddharth.patel@mentors.com
Business Development Executive,Anjali Nair,Lead Generation,6 years,anjali.nair@mentors.com
Partnership Manager,Manoj Verma,B2B Collaborations,8 years,manoj.verma@mentors.com
Public Relations Officer,Anita Sharma,Media Communication,7 years,anita.sharma@mentors.com
Media Producer,Rehan Qureshi,Digital Media,9 years,rehan.qureshi@mentors.com
Film Editor,Swetha Iyer,Video Editing,8 years,swetha.iyer@mentors.com
Music Producer,Arya Sen,Audio Engineering,10 years,arya.sen@mentors.com
Graphic Illustrator,Ravi Menon,Digital Art,7 years,ravi.menon@mentors.com
Creative Director,Rachana Patel,Design Leadership,12 years,rachana.patel@mentors.com

Project Manager,Neha Kapoor,Agile Management & Leadership,10 years,neha.kapoor@pmguide.com
Product Manager,Rajesh Kumar,Product Strategy & Design Thinking,12 years,rajesh.kumar@prodmentor.com
Operations Manager,Isha Patel,Operations Optimization & Supply Chain,9 years,isha.patel@opsmentor.org
HR Manager,Soumya Menon,Workplace Culture & HR Strategy,11 years,soumya.menon@hrmentor.com
Business Development Manager,Anil Sharma,Sales Strategy & Client Relations,13 years,anil.sharma@bizmentor.com
Marketing Manager,Shreya Nair,Digital Marketing & Brand Positioning,8 years,shreya.nair@marketmentor.org
Finance Manager,Aditya Rao,Corporate Finance & Risk Management,10 years,aditya.rao@finmentor.com
IT Manager,Rohit Mehta,IT Infrastructure & Project Delivery,12 years,rohit.mehta@itmentor.io
Operations Manager,Deepa Krishnan,Process Optimization & Resource Planning,9 years,deepa.krishnan@opsmentor.org
Product Marketing Manager,Vikram Sinha,Go-to-Market & Product Launch,11 years,vikram.sinha@pmmentor.com
Program Manager,Kiran Joshi,Strategic Planning & Execution,14 years,kiran.joshi@progmentor.net
Customer Success Manager,Priya Das,Customer Experience & Relationship Management,8 years,priya.das@custmentor.com
Talent Acquisition Manager,Arjun Menon,Recruitment Strategy & Employer Branding,10 years,arjun.menon@hrmentor.org
Retail Store Manager,Sneha Pillai,Retail Operations & Sales Leadership,9 years,sneha.pillai@retailmentor.com
Procurement Manager,Amit Verma,Supplier Negotiation & Inventory Control,11 years,amit.verma@procmentor.com
Supply Chain Manager,Divya Iyer,Logistics & Supply Optimization,10 years,divya.iyer@supplymentor.org
Facilities Manager,Rajeev Malhotra,Workplace Maintenance & Safety Compliance,13 years,rajeev.malhotra@facilmentor.com
Training Manager,Ananya Reddy,Learning & Development Programs,8 years,ananya.reddy@trainmentor.com
Project Delivery Manager,Ritika Bose,Agile Delivery & Stakeholder Management,12 years,ritika.bose@deliverymentor.com
Corporate Communications Manager,Karthik Pillai,Public Relations & Internal Comms,10 years,karthik.pillai@corpmentor.org

Software Developer,Riya Sharma,Full Stack Development,7 years,riya.sharma@devmentor.com
Senior Software Developer,Rohit Agarwal,Enterprise App Development,12 years,rohit.agarwal@codementor.io
Backend Developer,Akhil Nair,API Development & Database Design,9 years,akhil.nair@backendmentor.org
Frontend Developer,Sneha Jain,UI/UX & ReactJS,8 years,sneha.jain@frontendmentor.io
Mobile App Developer,Arjun Iyer,Android & iOS Development,10 years,arjun.iyer@appmentor.net
DevOps Engineer,Manisha Rao,Cloud Infrastructure & CI/CD,11 years,manisha.rao@devopsmentor.com
Software Architect,Karan Sinha,System Design & Scalability,15 years,karan.sinha@archmentor.com
Data Engineer,Tanya Das,ETL Pipelines & Big Data Systems,9 years,tanya.das@dataengineer.ai
QA Automation Engineer,Vikas Reddy,Test Automation & Quality Assurance,8 years,vikas.reddy@qamind.io
Embedded Software Developer,Priya Joshi,Microcontrollers & Firmware,10 years,priya.joshi@embedmentor.org
Machine Learning Engineer,Ankit Mehra,Model Training & MLOps,9 years,ankit.mehra@mlmentor.ai
AI Engineer,Divya Kapoor,Deep Learning & NLP,10 years,divya.kapoor@aiminds.org
Cloud Engineer,Harish Babu,AWS & Azure Deployment,8 years,harish.babu@cloudmentor.com
Data Scientist,Megha Ramesh,Statistical Modeling & Visualization,11 years,megha.ramesh@datamentor.ai
Software Tester,Sanjay Nair,Manual & Automated Testing,6 years,sanjay.nair@testmentor.io
Game Developer,Ritika Joshi,Unity & Unreal Game Engines,7 years,ritika.joshi@gamecraft.org
Blockchain Developer,Siddharth Menon,Smart Contracts & Web3,8 years,siddharth.menon@blockmentor.io
Full Stack Developer,Neelima Reddy,MERN & MEAN Stack Development,10 years,neelima.reddy@stackmentor.com
Security Engineer,Vivek Gupta,Application & Network Security,9 years,vivek.gupta@securementor.io
Site Reliability Engineer,Krishna Iyer,System Monitoring & Automation,11 years,krishna.iyer@srementor.net
UI Engineer,Sonal Kapoor,Component Design & Accessibility,7 years,sonal.kapoor@uimentor.io
Systems Engineer,Aravind Pillai,Infrastructure & Virtualization,10 years,aravind.pillai@sysmentor.com
AI Research Scientist,Nisha Varma,Deep Learning Research,12 years,nisha.varma@aimentor.ai
Robotics Engineer,Adarsh Rao,Automation & Motion Control,9 years,adarsh.rao@robotmentor.com
Firmware Engineer,Deepthi Menon,Embedded Systems Programming,8 years,deepthi.menon@firmwarelab.org
Software Consultant,Rahul Khanna,Technical Strategy & Architecture,15 years,rahul.khanna@softconsult.org
Database Administrator,Priyesh Shah,Database Tuning & Maintenance,10 years,priyesh.shah@dbmentor.io
Python Developer,Isha Kaur,Backend Scripting & APIs,7 years,isha.kaur@pymentor.org
Java Developer,Kiran Thomas,Spring Boot & Microservices,9 years,kiran.thomas@javamentor.com
C++ Developer,Rakesh Menon,System Programming,10 years,rakesh.menon@cppmentor.org
Frontend Architect,Meera Das,React & Design Systems,13 years,meera.das@frontmentor.io
React Developer,Snehal Patil,ReactJS & Redux,8 years,snehal.patil@reactmentor.org
Angular Developer,Suhas Rao,Angular & TypeScript,9 years,suhas.rao@angularmentor.io
NodeJS Developer,Saurabh Jain,ExpressJS & API Design,10 years,saurabh.jain@nodementor.com
Software Engineer,Lavanya Pillai,Scalable Web Applications,9 years,lavanya.pillai@engmentor.net
Junior Software Engineer,Amitabh Sen,Software Maintenance,3 years,amitabh.sen@juniormentor.io
Lead Software Engineer,Neha Mahajan,Team Leadership & Software Delivery,13 years,neha.mahajan@leadmentor.org
Principal Software Engineer,Srinivas Nair,Architecture & Mentorship,15 years,srinivas.nair@principalmentor.ai
Automation Engineer,Charu Joshi,Selenium & Robot Framework,8 years,charu.joshi@automentor.org
Cloud Solutions Architect,Rajeev Krishnan,Multi-Cloud Design,14 years,rajeev.krishnan@cloudarch.net
API Developer,Vidya Ghosh,REST & GraphQL Services,7 years,vidya.ghosh@apimentor.io
Performance Engineer,Madhav Sharma,Load Testing & Optimization,9 years,madhav.sharma@perfmentor.com
Integration Engineer,Pooja Anand,Middleware & APIs,10 years,pooja.anand@integrationmentor.io
Software Development Manager,Rohan Kapoor,Engineering Management & SDLC,14 years,rohan.kapoor@sdmentor.com
Site Engineer,Shantanu Patil,Software Deployment & Field Testing,6 years,shantanu.patil@sitementor.org
Software Analyst,Reema Krishnan,Requirement Analysis & Design,8 years,reema.krishnan@analystmentor.com
Cloud Security Engineer,Anand Gupta,Cloud Threat Modeling,10 years,anand.gupta@cloudsecure.ai
Data Analyst,Namrata Rao,Data Cleaning & Visualization,7 years,namrata.rao@datamentor.org
Research Engineer,Aryan Iyer,AI Prototyping & Data Experimentation,9 years,aryan.iyer@researchmentor.io
Big Data Engineer,Sameer Mehta,Hadoop & Spark Pipelines,10 years,sameer.mehta@bigdatamentor.io
AI Product Manager,Sanya Verma,AI Lifecycle Management,11 years,sanya.verma@aiproductmentor.org
Digital Marketing Automation Developer,Ananya Sharma,Digital Marketing,8 years,ananya@example.com
Data Entry Clerk,Mr. Rajesh Sharma,Data Management,10 years,rajesh@example.com
Data Entry Clerk,Ms. Ananya Patel,Office Administration,8 years,ananya@example.com
Data Entry Clerk,Mr. David Kumar,Excel Automation,12 years,david@example.com
Data Entry Clerk,Dr. Priya Nair,Information Systems,9 years,priya@example.com
Data Entry Clerk,Mr. Arjun Mehta,Database Administration,11 years,arjun@example.com
Data Entry Clerk,Ms. Sneha Kapoor,Data Quality Assurance,7 years,sneha@example.com
Data Entry Clerk,Mr. Vivek Reddy,Business Operations,10 years,vivek@example.com
Data Entry Clerk,Dr. Kavita Rao,Process Optimization,13 years,kavita@example.com
Data Entry Clerk,Ms. Neha Singh,Document Management,6 years,neha@example.com
Data Entry Clerk,Mr. Rohit Iyer,Office Data Systems,9 years,rohit@example.com

